,conf,dim,budget,test_mse
0,268,5,250,1.0463307054338586
1,268,5,500,3.061845286735186
2,268,5,1500,5.435608988661942
3,268,5,2500,6.6835841680887835
4,268,5,5000,6.064711286692189
5,268,5,7500,5.995311532596375
6,268,30,1500,0.13522212971566094
7,268,30,3000,0.134415560575534
8,268,30,9000,0.26325943159899057
9,268,30,15000,0.6045851265978058
10,268,30,30000,0.9944377800546628
11,268,30,45000,1.6877980715855112
