,conf,dim,budget,test_mse
0,49,5,250,0.6060223838365929
1,49,5,500,1.8422524728230645
2,49,5,1500,5.281043886639389
3,49,5,2500,5.725003524648182
4,49,5,5000,5.724429853277183
5,49,5,7500,5.273267904742703
6,49,30,1500,0.15298889540935617
7,49,30,3000,0.2064046269974055
8,49,30,9000,0.7542323001070974
9,49,30,15000,2.1602893795641847
10,49,30,30000,2.5232289547869238
11,49,30,45000,2.754544080912714
