,conf,dim,budget,test_mse
0,54,5,250,0.3366949840634212
1,54,5,500,0.7723388840330255
2,54,5,1500,4.6290552653932275
3,54,5,2500,4.010628360471847
4,54,5,5000,4.051929429914304
5,54,5,7500,3.621160597264857
6,54,30,1500,0.15448234169906613
7,54,30,3000,0.33575064945270305
8,54,30,9000,1.7092251408902919
9,54,30,15000,1.0087776757475142
10,54,30,30000,1.433268699804397
11,54,30,45000,1.7087951739021576
