,conf,dim,budget,test_mse
0,81,5,250,0.37285473949470443
1,81,5,500,1.1517746943803546
2,81,5,1500,4.003857955711242
3,81,5,2500,5.075850474326453
4,81,5,5000,5.246108367665468
5,81,5,7500,4.418090668057573
6,81,30,1500,0.11301498873082994
7,81,30,3000,0.1813054229992163
8,81,30,9000,0.6206110701812991
9,81,30,15000,0.9122060867029212
10,81,30,30000,1.7773481461692455
11,81,30,45000,2.0587316047837776
