,conf,dim,budget,test_mse
0,204,5,250,0.4965110996359792
1,204,5,500,1.580648419867298
2,204,5,1500,4.5669319405740465
3,204,5,2500,4.99155686653172
4,204,5,5000,4.212613291323281
5,204,5,7500,4.083627541449234
6,204,30,1500,0.13900182474648984
7,204,30,3000,0.13178638342426785
8,204,30,9000,0.14502296977347096
9,204,30,15000,0.1089048245769084
10,204,30,30000,0.06297694267611031
11,204,30,45000,0.06623051338695066
