,conf,dim,budget,test_mse
0,111,5,250,0.408758145019246
1,111,5,500,0.34005823907652183
2,111,5,1500,1.0934232932413623
3,111,5,2500,1.2481803613217126
4,111,5,5000,1.6077998287427289
5,111,5,7500,2.981850939871147
6,111,30,1500,0.4237091459042893
7,111,30,3000,0.1863846436955084
8,111,30,9000,0.5169777660595408
9,111,30,15000,0.7026003289986902
10,111,30,30000,1.4123189403318226
11,111,30,45000,1.3950619496518601
