,conf,dim,budget,test_mse
0,403,5,250,0.27949556101275685
1,403,5,500,0.296814938063553
2,403,5,1500,0.36103733943165695
3,403,5,2500,0.4610843789249257
4,403,5,5000,0.6195080905874446
5,403,5,7500,1.930144982285433
6,403,30,1500,0.1315173931233248
7,403,30,3000,0.12599415427610317
8,403,30,9000,0.17929963711935235
9,403,30,15000,0.7966326327551884
10,403,30,30000,0.193953181787676
11,403,30,45000,0.2650516742591459
