,conf,dim,budget,test_mse
0,51,5,250,0.29323532222695303
1,51,5,500,0.3499139127222067
2,51,5,1500,1.6722998717794766
3,51,5,2500,3.039149074751888
4,51,5,5000,8.015207127099382
5,51,5,7500,8.612070227388946
6,51,30,1500,0.1525987604637049
7,51,30,3000,0.1675920620524865
8,51,30,9000,1.2113917713758044
9,51,30,15000,2.4718498775228577
10,51,30,30000,2.971726544160277
11,51,30,45000,3.216570519620165
