,conf,dim,budget,test_mse
0,73,5,250,0.529453589538386
1,73,5,500,0.273661921885935
2,73,5,1500,0.8795815957698329
3,73,5,2500,2.506402951071698
4,73,5,5000,2.617254145792489
5,73,5,7500,4.366752729113547
6,73,30,1500,0.16871958441262452
7,73,30,3000,0.16143538049946926
8,73,30,9000,0.26202587469059646
9,73,30,15000,0.21357578649757514
10,73,30,30000,0.5597033484332413
11,73,30,45000,1.0100864705597234
