,conf,dim,budget,test_mse
0,390,5,250,0.22748252979420594
1,390,5,500,0.24468202196897879
2,390,5,1500,1.2567954720701453
3,390,5,2500,0.3788347041234764
4,390,5,5000,0.41213462058121825
5,390,5,7500,0.25873881267315235
6,390,30,1500,0.11450944331286686
7,390,30,3000,0.18995405460237086
8,390,30,9000,0.14431168967232982
9,390,30,15000,0.12829268483846468
10,390,30,30000,0.17364616326945598
11,390,30,45000,0.19007300119127052
