,conf,dim,budget,test_mse
0,127,5,250,0.4214697823949873
1,127,5,500,0.4105101047616668
2,127,5,1500,0.9616647774877911
3,127,5,2500,0.9421880249963122
4,127,5,5000,2.7532967487853055
5,127,5,7500,3.3070292080109676
6,127,30,1500,0.15503419656179207
7,127,30,3000,0.15405606564098764
8,127,30,9000,0.16697406657444464
9,127,30,15000,0.17346040427844323
10,127,30,30000,0.23461077643018968
11,127,30,45000,0.4757194965092581
