,conf,dim,budget,test_mse
0,24,5,250,0.2270821097091756
1,24,5,500,0.24672603240089366
2,24,5,1500,0.49013389972681887
3,24,5,2500,0.37769168793484786
4,24,5,5000,0.33939814423041786
5,24,5,7500,0.3202621850512636
6,24,30,1500,0.12881841673717345
7,24,30,3000,0.1585383790660199
8,24,30,9000,0.17792917503924024
9,24,30,15000,0.15161220324741365
10,24,30,30000,0.1714564451820498
11,24,30,45000,0.2355832596378507
