,conf,dim,budget,test_mse
0,402,5,250,0.29657582165873225
1,402,5,500,0.30009977887781086
2,402,5,1500,0.22747500039001944
3,402,5,2500,1.21573574109069
4,402,5,5000,0.39781699468284937
5,402,5,7500,0.4453957799410679
6,402,30,1500,0.13725160729563124
7,402,30,3000,0.1241214461728275
8,402,30,9000,0.14964628209938252
9,402,30,15000,0.12660656612584215
10,402,30,30000,0.18316106278543992
11,402,30,45000,0.18451907843561938
