,conf,dim,budget,test_mse
0,445,5,250,0.27691931166664874
1,445,5,500,0.3476933655439423
2,445,5,1500,0.37541937658068003
3,445,5,2500,0.35239744485197805
4,445,5,5000,0.36542110884957646
5,445,5,7500,0.38885588185507053
6,445,30,1500,0.1805357512723263
7,445,30,3000,0.17159117367442708
8,445,30,9000,0.1773932161101987
9,445,30,15000,0.1818161918936576
10,445,30,30000,0.1836427440129444
11,445,30,45000,0.1924111852153968
