,conf,dim,budget,test_mse
0,448,5,250,0.2227328946665558
1,448,5,500,0.2464044218754399
2,448,5,1500,0.7860478512632599
3,448,5,2500,0.37690370941990403
4,448,5,5000,0.6990236335458764
5,448,5,7500,2.708917315101779
6,448,30,1500,0.1641376251428137
7,448,30,3000,0.18015780516390642
8,448,30,9000,0.16330290925553523
9,448,30,15000,0.209807254880695
10,448,30,30000,0.3799703635961307
11,448,30,45000,0.4500074468341153
