,conf,dim,budget,test_mse
0,107,5,250,0.2684443362242957
1,107,5,500,0.2956082990902415
2,107,5,1500,0.8579607109944745
3,107,5,2500,2.1597318092467845
4,107,5,5000,3.337168449623772
5,107,5,7500,3.76387576377675
6,107,30,1500,0.6742602441827878
7,107,30,3000,0.187077812953289
8,107,30,9000,0.17956662635389548
9,107,30,15000,0.1322955956691691
10,107,30,30000,0.44500709805361494
11,107,30,45000,2.04247377582693
