,conf,dim,budget,test_mse
0,232,5,250,0.16806307437906004
1,232,5,500,0.40311548845049894
2,232,5,1500,0.2693350463818757
3,232,5,2500,0.24797391073094363
4,232,5,5000,0.38059034924048435
5,232,5,7500,0.5933500346418318
6,232,30,1500,0.09451416943494548
7,232,30,3000,1.3269651166094383
8,232,30,9000,0.1454576349733015
9,232,30,15000,0.14806546883183697
10,232,30,30000,0.1432234958785557
11,232,30,45000,0.18664090716764448
