,conf,dim,budget,test_mse
0,181,5,250,0.27923683829276263
1,181,5,500,0.33523803794044577
2,181,5,1500,0.8371070152039983
3,181,5,2500,1.1497528093254379
4,181,5,5000,2.5517526315169397
5,181,5,7500,3.6369833979092583
6,181,30,1500,0.17606842581488016
7,181,30,3000,0.18884086387880525
8,181,30,9000,0.3062233837241816
9,181,30,15000,0.2636644135875564
10,181,30,30000,0.640260799985562
11,181,30,45000,1.4751917396757466
