,conf,dim,budget,test_mse
0,508,5,250,0.2741623070397159
1,508,5,500,1.1448601870674007
2,508,5,1500,0.5493985906704026
3,508,5,2500,0.3047242743260911
4,508,5,5000,0.25791782143061964
5,508,5,7500,0.38408894367915697
6,508,30,1500,0.17083138579847207
7,508,30,3000,0.14306477200550177
8,508,30,9000,0.12873949906859422
9,508,30,15000,0.155326883313802
10,508,30,30000,0.20014166184857557
11,508,30,45000,0.18980818041246467
