,conf,dim,budget,test_mse
0,231,5,250,0.38329509600502853
1,231,5,500,0.4068343589645457
2,231,5,1500,0.3918990461571593
3,231,5,2500,0.3299118695390976
4,231,5,5000,0.34766278919846233
5,231,5,7500,0.34766278919846233
6,231,30,1500,0.9017166942959559
7,231,30,3000,1.0225608653119687
8,231,30,9000,1.2051813462086403
9,231,30,15000,1.3492794654947717
10,231,30,30000,1.412915570685527
11,231,30,45000,1.4280014315845755
