,conf,dim,budget,test_mse
0,505,5,250,0.4146982612262928
1,505,5,500,0.3064752295425411
2,505,5,1500,1.55767351258299
3,505,5,2500,3.9765734500486993
4,505,5,5000,6.684536334417963
5,505,5,7500,6.659742932723151
6,505,30,1500,0.18178775064207586
7,505,30,3000,0.15696573670603786
8,505,30,9000,0.337082468991235
9,505,30,15000,0.4009717467447963
10,505,30,30000,0.5184205337427683
11,505,30,45000,1.390495045498168
