,conf,dim,budget,test_mse
0,45,5,250,0.4261847540874304
1,45,5,500,0.5280589536447856
2,45,5,1500,0.6870281206283813
3,45,5,2500,1.028448967311982
4,45,5,5000,1.3292828833639185
5,45,5,7500,1.4204950957463138
6,45,30,1500,0.12082834141498504
7,45,30,3000,0.17957332134518122
8,45,30,9000,0.23661443775369945
9,45,30,15000,0.27013510548323627
10,45,30,30000,0.3135353559171465
11,45,30,45000,0.3125742518360697
