,conf,dim,budget,test_mse
0,270,5,250,0.20956908063323673
1,270,5,500,0.42069157900207654
2,270,5,1500,0.4146038036908039
3,270,5,2500,0.2437099524163726
4,270,5,5000,0.25476153588037176
5,270,5,7500,0.3849658300872905
6,270,30,1500,0.12083249300473946
7,270,30,3000,0.14774349117181054
8,270,30,9000,0.14464655979466823
9,270,30,15000,0.23758075867481293
10,270,30,30000,0.1977361489273266
11,270,30,45000,0.16954083718991897
