,conf,dim,budget,test_mse
0,27,5,250,0.40739429561208595
1,27,5,500,0.35678744230488924
2,27,5,1500,1.6954560834070818
3,27,5,2500,3.2022306399097205
4,27,5,5000,6.084443782499271
5,27,5,7500,6.068181891262892
6,27,30,1500,0.40337469209804144
7,27,30,3000,0.19401784378189688
8,27,30,9000,0.7521070002000088
9,27,30,15000,2.785094472107742
10,27,30,30000,1.9693983296450253
11,27,30,45000,2.1989874818329307
