,conf,dim,budget,test_mse
0,476,5,250,0.29592487193057304
1,476,5,500,0.2552047072489009
2,476,5,1500,0.38219225805478585
3,476,5,2500,0.3680840116487053
4,476,5,5000,0.3690554462680399
5,476,5,7500,0.26935584970887116
6,476,30,1500,0.1157210608778948
7,476,30,3000,0.1288185587264878
8,476,30,9000,0.13991039618475318
9,476,30,15000,0.14976230064493812
10,476,30,30000,0.13232417407550773
11,476,30,45000,0.2862787696778911
