,conf,dim,budget,test_mse
0,164,5,250,0.26698136278768336
1,164,5,500,0.2688715636585735
2,164,5,1500,0.36242158908751143
3,164,5,2500,0.405992087184203
4,164,5,5000,0.4060056498331597
5,164,5,7500,0.35779420429382663
6,164,30,1500,0.12401618449414883
7,164,30,3000,0.14622328883470723
8,164,30,9000,0.1111042152024112
9,164,30,15000,0.147311108285817
10,164,30,30000,0.1871917827612299
11,164,30,45000,0.1633441867694021
