,conf,dim,budget,test_mse
0,573,5,250,0.9904753161666839
1,573,5,500,0.44364300509678395
2,573,5,1500,1.2907964072350526
3,573,5,2500,1.629428941622211
4,573,5,5000,5.389617848122667
5,573,5,7500,7.53823369123089
6,573,30,1500,0.14507570113979612
7,573,30,3000,0.1791670364332333
8,573,30,9000,0.16811076448283516
9,573,30,15000,0.19401165199068704
10,573,30,30000,0.9047683000649822
11,573,30,45000,1.081195449677646
