,conf,dim,budget,test_mse
0,117,5,250,0.44923523352779837
1,117,5,500,0.3257227331183785
2,117,5,1500,0.9923184507390361
3,117,5,2500,2.812073063834401
4,117,5,5000,5.206483565687969
5,117,5,7500,6.277126848761283
6,117,30,1500,0.1524587983764533
7,117,30,3000,0.15403732176071966
8,117,30,9000,0.2147764957727595
9,117,30,15000,0.3335763062217076
10,117,30,30000,1.6176607299798853
11,117,30,45000,1.6121071659089465
