,conf,dim,budget,test_mse
0,49,5,250,0.36805025876371567
1,49,5,500,0.482060198190459
2,49,5,1500,0.9882266585954488
3,49,5,2500,2.37809997179595
4,49,5,5000,4.053556799040844
5,49,5,7500,5.371871328155576
6,49,30,1500,0.16492004598769933
7,49,30,3000,0.16578796133378074
8,49,30,9000,0.19583710790587044
9,49,30,15000,0.4309016486701306
10,49,30,30000,1.3447423076607288
11,49,30,45000,1.704079984428624
