,conf,dim,budget,test_mse
0,523,5,250,0.9228391114897672
1,523,5,500,0.3489629557316808
2,523,5,1500,1.2071643605609
3,523,5,2500,1.9000969318297023
4,523,5,5000,3.419375966380165
5,523,5,7500,3.34033060398606
6,523,30,1500,0.13756693494005026
7,523,30,3000,0.1826413428129639
8,523,30,9000,0.19025206847732185
9,523,30,15000,0.15341662873113543
10,523,30,30000,0.17908452650333792
11,523,30,45000,0.23726885125215716
