,conf,dim,budget,test_mse
0,437,5,250,0.33307566603035116
1,437,5,500,0.3580773946583646
2,437,5,1500,2.2331053451765226
3,437,5,2500,3.856131912056153
4,437,5,5000,5.283596787096792
5,437,5,7500,4.800579687649767
6,437,30,1500,0.17240325668609038
7,437,30,3000,0.1446178483165431
8,437,30,9000,0.29560810245070396
9,437,30,15000,0.3118935070438898
10,437,30,30000,0.3833788943086369
11,437,30,45000,0.40101974075775837
