,conf,dim,budget,test_mse
0,104,5,250,0.22018402985073954
1,104,5,500,0.948106492206532
2,104,5,1500,0.3826536637057164
3,104,5,2500,0.3201213285203969
4,104,5,5000,0.2627470621387789
5,104,5,7500,0.28207199182114334
6,104,30,1500,0.1357612627493389
7,104,30,3000,0.14131028907641097
8,104,30,9000,0.8673471340916981
9,104,30,15000,0.15933021668445685
10,104,30,30000,0.2683010570317401
11,104,30,45000,0.19504340651450375
