,conf,dim,budget,test_mse
0,25,5,250,0.3244200210995892
1,25,5,500,0.38846934261867944
2,25,5,1500,1.2242749436275822
3,25,5,2500,1.646884123864048
4,25,5,5000,5.056028383942193
5,25,5,7500,6.587435135539188
6,25,30,1500,0.6201202014944063
7,25,30,3000,0.17815953577128002
8,25,30,9000,0.2471074055092418
9,25,30,15000,0.6715664020956456
10,25,30,30000,2.423294834184756
11,25,30,45000,2.0413588096149544
