,conf,dim,budget,test_mse
0,241,5,250,0.2856779595774765
1,241,5,500,0.4635439198317896
2,241,5,1500,2.662981520977989
3,241,5,2500,3.6539627395528256
4,241,5,5000,3.8411360097925864
5,241,5,7500,4.52324298539572
6,241,30,1500,0.12293800937843409
7,241,30,3000,0.14357797857182578
8,241,30,9000,0.1769233328127276
9,241,30,15000,0.1812504423909379
10,241,30,30000,0.20743805035980167
11,241,30,45000,0.22159380742831533
