,conf,dim,budget,test_mse
0,59,5,250,0.37762620426221194
1,59,5,500,0.32157648246707937
2,59,5,1500,0.8300342505198886
3,59,5,2500,0.9984919671355394
4,59,5,5000,3.094468191427833
5,59,5,7500,2.499418095455136
6,59,30,1500,0.6994447906784311
7,59,30,3000,0.16388395692486654
8,59,30,9000,0.17864057164414832
9,59,30,15000,0.14938680119273479
10,59,30,30000,0.6273876772088581
11,59,30,45000,2.1016408674680087
