,conf,dim,budget,test_mse
0,237,5,250,0.41645481989833416
1,237,5,500,0.4692047220776847
2,237,5,1500,0.3379193830286398
3,237,5,2500,0.3251783464290769
4,237,5,5000,0.3251783464290769
5,237,5,7500,0.3251783464290769
6,237,30,1500,0.17658519297477324
7,237,30,3000,0.21540637818114422
8,237,30,9000,0.1926065454059827
9,237,30,15000,0.35245551802431824
10,237,30,30000,0.5019741669442507
11,237,30,45000,0.3989585165970827
