,conf,dim,budget,test_mse
0,254,5,250,0.1795845047666948
1,254,5,500,0.31041927546541925
2,254,5,1500,0.2996216510704858
3,254,5,2500,0.23833019457139729
4,254,5,5000,0.8971965334285841
5,254,5,7500,3.305756708048419
6,254,30,1500,0.17536258610409522
7,254,30,3000,0.171238820949575
8,254,30,9000,0.2012783469195468
9,254,30,15000,0.33749532355048006
10,254,30,30000,0.3252733809248753
11,254,30,45000,0.3598825841391172
