,conf,dim,budget,test_mse
0,203,5,250,0.24356721206777773
1,203,5,500,0.29146117170891805
2,203,5,1500,1.6407472282517834
3,203,5,2500,2.512233326091767
4,203,5,5000,5.35704451483169
5,203,5,7500,5.170222472538563
6,203,30,1500,0.2213752104236363
7,203,30,3000,0.15528198874744353
8,203,30,9000,0.1740066533710462
9,203,30,15000,0.23722762557093896
10,203,30,30000,0.24782991878547103
11,203,30,45000,0.24591658470000105
