,conf,dim,budget,test_mse
0,227,5,250,0.324021297774219
1,227,5,500,0.2759179848137211
2,227,5,1500,1.8484460210708065
3,227,5,2500,2.740192807581093
4,227,5,5000,4.705009457430722
5,227,5,7500,5.199922543419195
6,227,30,1500,0.13553923460206307
7,227,30,3000,0.1336142108046709
8,227,30,9000,0.1279980179310513
9,227,30,15000,0.37660308689311134
10,227,30,30000,0.3760830414102961
11,227,30,45000,0.4319154162414966
