,conf,dim,budget,test_mse
0,130,5,250,0.25932816571297174
1,130,5,500,1.4608654509244836
2,130,5,1500,0.2911185826066719
3,130,5,2500,0.3543370073072646
4,130,5,5000,0.32808914092490443
5,130,5,7500,0.35029672768829256
6,130,30,1500,0.10795860504760695
7,130,30,3000,0.14938954534854404
8,130,30,9000,1.1571830198154325
9,130,30,15000,0.1317064842639783
10,130,30,30000,0.1480898693383759
11,130,30,45000,0.1948670555870123
