,conf,dim,budget,test_mse
0,289,5,250,0.45167842732822727
1,289,5,500,0.4198961115721619
2,289,5,1500,2.329671731194236
3,289,5,2500,2.6992292110112115
4,289,5,5000,3.3938857595450016
5,289,5,7500,3.837300298154183
6,289,30,1500,0.12724057558186447
7,289,30,3000,0.10891698238783824
8,289,30,9000,0.11145565018349035
9,289,30,15000,0.11043016268861643
10,289,30,30000,0.10274084129520825
11,289,30,45000,0.09687367263954812
