,conf,dim,budget,test_mse
0,300,5,250,0.6831659535801776
1,300,5,500,0.4441508074431919
2,300,5,1500,0.3463020919962156
3,300,5,2500,0.2666452762174706
4,300,5,5000,0.4975089159127187
5,300,5,7500,1.6040244469994778
6,300,30,1500,0.17824573143516204
7,300,30,3000,0.15401304175819913
8,300,30,9000,0.14598825454440748
9,300,30,15000,0.1829808613404333
10,300,30,30000,0.21466695355392615
11,300,30,45000,0.22585521150210647
