,conf,dim,budget,test_mse
0,279,5,250,0.32536341602808244
1,279,5,500,0.3677844524238335
2,279,5,1500,3.312345287111369
3,279,5,2500,2.938306618636658
4,279,5,5000,2.840434196369473
5,279,5,7500,3.278236221902496
6,279,30,1500,1.0917282235491048
7,279,30,3000,1.1290174390561218
8,279,30,9000,1.2433293797631564
9,279,30,15000,2.032942562619028
10,279,30,30000,2.3512143422750906
11,279,30,45000,2.0435732077427664
